total_providers,avg_years_experience,total_service_charge,total_insurance_paid
48,18.684,304289.38,242354.6
52,24.024952015355087,356237.89,284799.49
58,17.547619047619047,358721.75,286450.39
46,21.56803455723542,293072.8,234265.38999999998
48,20.106177606177607,310442.84,249055.82
53,21.457960644007155,368222.45,297831.91
48,19.84543325526932,266795.12,211133.94
51,20.0,273644.49,219605.7
44,18.614117647058823,261811.48,210405.15
52,17.573556797020483,408187.49,327048.13
